{
    "1":{
	"id":"1",
	"img":"http://127.0.0.1/index/sk/实施涉恐事件/img/1.png",
	"title":"内蒙暴雨致22座堤坝决堤。",
	"pubtime":"2021-07-18 12:23",
	"content":"7月18號，內蒙古呼倫貝爾莫旗境內連降暴雨，導致上游永安水庫、新發水庫大壩決堤。洪水沖垮莫旗境內的G111國道，22座橋梁被毀，導致道路中斷，村莊、田地變成一片汪洋。" 
           },
     "2":{
	"id":"2",
	"img":"http://127.0.0.1/index/sk/实施涉恐事件/img/2.png",
	"title":"郑州洪水是典型故意杀人事件。",
	"pubtime":"2021-07-23 07:12" ,
	"content":"郑州大洪水是典型故意杀人事件，土工无耻老百姓活该：你永远不了解的黑暗内幕。"
            },
     "3":{	
	"id":"3",
	"img":"http://127.0.0.1/index/sk/实施涉恐事件/img/3.png",
	"title":"最新疫情：南京疫情大爆发！！",
	"pubtime":"2021-07-23 18:02" ,
	"content":"视频是南京高淳排队核酸的场景，不做核酸明天不许上班，很多年轻人为了怕迟到，连夜做核酸，于是为了争抢做核酸打成了一锅粥！！不知道的还以为是南京又暴乱了呢!? 不是早就接种疫苗了吗？"
            },
     "4":{	
	"id":"4",
	"img":"http://127.0.0.1/index/sk/实施涉恐事件/img/4.png",
	"title":"6300具尸体！",
	"pubtime":"2021-07-23 16：10" ,
	"content":"6300具尸体！一位参加救援的拖车司机透露，目前从郑州京广隧道中发现的6300具尸体，还不是全部死亡数字！ 为了防止真相泄露，隧道已被军队接管"
            },
     "5":{	"id":"5",
	"img":"http://127.0.0.1/index/sk/实施涉恐事件/img/5.png",
	"title":"中国已经没救了",
	"pubtime":"2021-07-21 09:23" ,
	"content":"中国已经没救了！郑州暴雨成灾，全程危机！媒体淡化转移视线，政府不许反思问责，全国吹捧盛世太平！胡锡进玩双标，河南灾民的绝望央视假装听不见？"
            },
     "6":{	
	"id":"6",
	"img":"http://127.0.0.1/index/sk/实施涉恐事件/img/6.png",
	"title":"疫情扩大是个人所为",
	"pubtime":"2021-07-12 23:01" ,
	"content":"可赶紧查查吧。 故意扩大疫情是不是就是她所弄得，死了这么多人，是不是都是她为了给自己利益输送准备得。疫情不扩大，怎么上市公司股价上升，怎么赚大钱。"
            },
     "7":{	
	"id":"7",
	"img":"http://127.0.0.1/index/sk/实施涉恐事件/img/7.png",
	"title":"中国是如何镇压维吾尔族的",
	"pubtime":"2021-07-08 12:01" ,
	"content":"中国的维吾尔族穆斯林面临着来自他们自己政府的系统性压迫。他们的家乡新疆已经变成了一个警察国家一估计有100万人被拘留在集中营里，在那里被洗脑。中国领导人是如何以及为什么这样做的?"
            }
}